{"cameraMode":{"drawMode":0,"name":"Shaded","section":"Shading Mode"},"sceneLighting":true,"audioPlay":false,"sceneViewState":{"showFog":true,"showMaterialUpdate":false,"showSkybox":true,"showFlares":true,"showImageEffects":true,"showParticleSystems":true},"in2DMode":false,"pivot":{"x":-0.28009653091430666,"y":0.5962686538696289,"z":-0.137298583984375},"rotation":{"x":-0.08765712380409241,"y":0.8965622782707214,"z":-0.20549322664737702,"w":-0.3824459910392761},"size":9.12024974822998,"orthographic":false}